,xpath,label-key,comment,guidance,index
0,/@LG,,,"Lowercase, and map to `language`",
1,/@CATEGORY,,,Discard. TED translates at form-level. OCDS translates at field-level.,
2,/LEGAL_BASIS,,https://github.com/open-contracting-archive/trade/tree/master/draft_extensions/tender_LegalBasis,"Set `tender.legalBasis.scheme` to ['CELEX'](https://eur-lex.europa.eu/content/help/faq/intro.html#help8), and map to `tender.legalBasis.id`",
3,/LEGAL_BASIS_OTHER,,,"Set `tender.legalBasis.scheme` to 'CELEX', and map to `tender.legalBasis.id`",
4,/NOTICE,,https://github.com/open-contracting-archive/trade/tree/master/draft_extensions/release_PurposeOfNotice,,
5,/CONTRACTING_BODY,ca,,,I
6,/CONTRACTING_BODY/ADDRESS_CONTRACTING_BODY,name_address_contact,,"[Add a party](../../operations/#add-a-party), and add 'buyer' to its `.roles`\n\nSet `buyer.id` to its `.id`, and set `buyer.name` to its [`.name`](#/CONTRACTING_BODY/ADDRESS_CONTRACTING_BODY/OFFICIALNAME)",I.1
7,/CONTRACTING_BODY/ADDRESS_CONTRACTING_BODY/OFFICIALNAME,name_official,,Map to the party's `.name` and `.identifier.legalName`,
8,/CONTRACTING_BODY/ADDRESS_CONTRACTING_BODY/NATIONALID,national_id,,"Map to the party's `.identifier.id`, and [set `.identifier.scheme`](https://standard.open-contracting.org/1.1/en/schema/identifiers/#organization-ids)",
9,/CONTRACTING_BODY/ADDRESS_CONTRACTING_BODY/ADDRESS,address_postal,,Map to the party's `.address.streetAddress`,
10,/CONTRACTING_BODY/ADDRESS_CONTRACTING_BODY/TOWN,address_town,,Map to the party's `.address.locality`,
11,/CONTRACTING_BODY/ADDRESS_CONTRACTING_BODY/NUTS,nutscode,https://github.com/open-contracting-archive/trade/blob/master/draft_extensions/parties_details_NUTS,"Take the NUTS code in the `CODE` attribute, and map to the party's `.address.region`\n\nThere's an open issue ([#739](https://github.com/open-contracting/standard/issues/739)) about region codes. (ISSUE)",
12,/CONTRACTING_BODY/ADDRESS_CONTRACTING_BODY/POSTAL_CODE,address_postcode,,Map to the party's `.address.postalCode`,
13,/CONTRACTING_BODY/ADDRESS_CONTRACTING_BODY/COUNTRY,address_country,,"Take the country code in the `VALUE` attribute, translate to a country name, and map to the party's `.address.countryName`\n\nThere's an open issue ([#524](https://github.com/open-contracting/standard/issues/524)) to add a `.countryCode` field to the `Address` object, to avoid translation. (ISSUE)",
14,/CONTRACTING_BODY/ADDRESS_CONTRACTING_BODY/CONTACT_POINT,contactpoint,,Map to the party's `.contactPoint.name`,
15,/CONTRACTING_BODY/ADDRESS_CONTRACTING_BODY/PHONE,address_phone,,Map to the party's `.contactPoint.telephone`,
16,/CONTRACTING_BODY/ADDRESS_CONTRACTING_BODY/E_MAIL,address_email,,Map to the party's `.contactPoint.email`,
17,/CONTRACTING_BODY/ADDRESS_CONTRACTING_BODY/FAX,address_fax,,Map to the party's `.contactPoint.faxNumber`,
18,/CONTRACTING_BODY/ADDRESS_CONTRACTING_BODY/URL_GENERAL,url_general,,Map to the party's `.details.url`,
19,/CONTRACTING_BODY/ADDRESS_CONTRACTING_BODY/URL_BUYER,url_buyerprofile,https://github.com/open-contracting-archive/trade/tree/master/draft_extensions/organization_BuyerProfile,Map to the party's `.details.buyerProfile`,
20,/CONTRACTING_BODY/ADDRESS_CONTRACTING_BODY_ADDITIONAL,,,"[Add a party](../../operations/#add-a-party), add 'buyer' to its `.roles`, and set its [fields as above](#/CONTRACTING_BODY/ADDRESS_CONTRACTING_BODY/OFFICIALNAME)",
21,/CONTRACTING_BODY/JOINT_PROCUREMENT_INVOLVED,joint_procurement_involves,,"Discard. If there are multiple parties with the role 'buyer', then the contract involves joint procurement. (When *The contract involves joint procurement* is checked, at least one additional contracting authority is provided.)",
22,/CONTRACTING_BODY/PROCUREMENT_LAW,joint_national_law,https://github.com/open-contracting-archive/trade/tree/master/draft_extensions/tender_JointProcurement,Map to `tender.crossBorderLaw`,
23,/CONTRACTING_BODY/CENTRAL_PURCHASING,joint_procurement_central,https://github.com/open-contracting-archive/trade/tree/master/draft_extensions/parties_details_COFOG,Add 'centralPurchasingBody' to the `.roles` of the party,
24,/CONTRACTING_BODY/DOCUMENT_FULL,address_obtain_docs,,"Discard. If no `ParticipationFee` object in the `tender.participationFees` array has a `.type` of 'document', then access is unrestricted.",
25,/CONTRACTING_BODY/DOCUMENT_RESTRICTED,docs_restricted,,"Add a `ParticipationFee` object to the `tender.participationFees` array, set its `.type` to 'document', and set its `.id` to '1'.",
26,/CONTRACTING_BODY/URL_DOCUMENT,,,"Map to the party's `.contactPoint.url`. If there is no URL scheme, prefix by 'http://'.",
27,/CONTRACTING_BODY/ADDRESS_FURTHER_INFO_IDEM,as_contacts_above,,Discard. Additional information can be obtained from the abovementioned address unless otherwised specified.,
28,/CONTRACTING_BODY/ADDRESS_FURTHER_INFO,address_another,,"If only the contact person is different, get the `Organization` object for the buyer, add a `ContactPoint` object to its `.additionalContactPoints` array, and set its [fields as above](#/CONTRACTING_BODY/ADDRESS_CONTRACTING_BODY/CONTACT_POINT).\n\nOtherwise, [add a party](../../operations/#add-a-party), add 'processContactPoint' to its `.roles`, and set its [fields as above](#/CONTRACTING_BODY/ADDRESS_CONTRACTING_BODY/OFFICIALNAME).",
29,/CONTRACTING_BODY/URL_PARTICIPATION,address_send_tenders,,"Add 'electronicSubmission' to `tender.submissionMethod`, and map to `tender.submissionMethodDetails`\n\nIf *to the following address* is selected, this results in a loss of structure. (WARNING #27)",
30,/CONTRACTING_BODY/ADDRESS_PARTICIPATION_IDEM,address_to_above,,"Add 'written' to `tender.submissionMethod`, and discard. Tenders or requests to participate must be submitted to the abovementioned address unless otherwised specified.",
31,/CONTRACTING_BODY/ADDRESS_PARTICIPATION,address_following,,"Add 'written' to `tender.submissionMethod`, and map to `tender.submissionMethodDetails` as a formatted address string\n\nIf *electronically via* is checked, this results in a loss of structure. (WARNING #27)",
32,/CONTRACTING_BODY/URL_TOOL,url_communication_tools,,Map to `tender.communication.atypicalToolUrl`,
33,/CONTRACTING_BODY/CA_TYPE,ca_type,https://github.com/open-contracting-archive/trade/tree/master/draft_extensions/parties_details_COFOG,"Get the `Organization` object for the buyer, and add a `Classification` object to its `.details.classifications` array. Set the classification's `.scheme` to 'TED_CA_TYPE', and set its `.id` and/or `.description` as follows:",I.4
34,/CONTRACTING_BODY/CA_TYPE_OTHER,other_type,,Map to `.description`,
35,/CONTRACTING_BODY/CA_ACTIVITY,mainactivity,https://github.com/open-contracting-archive/trade/tree/master/draft_extensions/parties_details_COFOG,"Get the `Organization` object for the buyer, and add a `Classification` object to its `.details.classifications` array. Set the classification's `.scheme` to ['COFOG'](https://unstats.un.org/unsd/publications/catalogue?selectID=145), and set its `.id` and/or `.description` as follows:",I.5
36,/CONTRACTING_BODY/CA_ACTIVITY_OTHER,other_activity,,Map to `.description`,
37,/OBJECT_CONTRACT,object,,,II
38,/OBJECT_CONTRACT/@ITEM,,,Discard,
39,/OBJECT_CONTRACT/TITLE,title_contract,,Map to `tender.title`,II.1.1
40,/OBJECT_CONTRACT/REFERENCE_NUMBER,fileref,https://github.com/open-contracting-archive/trade/tree/master/draft_extensions/release_BuyerInternalReferenceID,"If not set, let *Reference number* be equal to the `ocid` value. Map to `tender.id` (string).",
41,/OBJECT_CONTRACT/CPV_MAIN,,https://github.com/open-contracting-archive/trade/blob/master/draft_extensions/tender_Classification,,II.1.2
42,/OBJECT_CONTRACT/CPV_MAIN/CPV_CODE,cpv_main,,"Set `tender.classification.scheme` to 'CPV', take the CPV code in the `CODE` attribute, and map to `tender.classification.id`",
43,/OBJECT_CONTRACT/CPV_MAIN/CPV_SUPPLEMENTARY_CODE,cpv_supplem,,"For each `CODE` attribute, add a `Classification` object to the `tender.additionalClassifications` array, set its `.scheme` to 'CPVS', prefix by the *Main CPV code*, and map to its `.id`. Remove any duplicate entries from the `tender.additionalClassifications` array.",
44,/OBJECT_CONTRACT/TYPE_CONTRACT,type_contract,,Set `tender.mainProcurementCategory` as follows:,II.1.3
45,/OBJECT_CONTRACT/SHORT_DESCR,descr_short,,Map to `tender.description`,II.1.4
46,/OBJECT_CONTRACT/VAL_ESTIMATED_TOTAL,value_excl_vat,,Map to `tender.value.amount`,
47,/OBJECT_CONTRACT/VAL_ESTIMATED_TOTAL/@CURRENCY,currency,,Map to `tender.value.currency`,
48,/OBJECT_CONTRACT/LOT_DIVISION,_yes,,"Discard. If `tender.lots` contains more than one object, then the contract is divided into lots.",
49,/OBJECT_CONTRACT/NO_LOT_DIVISION,_no,,"Discard. If `tender.lots` contains one or fewer objects, then the contract isn't divided into lots.",
50,/OBJECT_CONTRACT/LOT_DIVISION/LOT_ALL,lots_all,,"Set `tender.lotDetails.maximumLotsBidPerSupplier` to the number (not the string) 1e9999 (which parses to infinity i.e. ""all"")",
51,/OBJECT_CONTRACT/LOT_DIVISION/LOT_MAX_NUMBER,lots_max,,Map to `tender.lotDetails.maximumLotsBidPerSupplier`,
52,/OBJECT_CONTRACT/LOT_DIVISION/LOT_ONE_ONLY,lot_one_only,,Set `tender.lotDetails.maximumLotsBidPerSupplier` to 1,
53,/OBJECT_CONTRACT/LOT_DIVISION/LOT_MAX_ONE_TENDERER,lots_max_awarded,,Map to `tender.lotDetails.maximumLotsAwardedPerSupplier`,
54,/OBJECT_CONTRACT/LOT_DIVISION/LOT_COMBINING_CONTRACT_RIGHT,lots_combination_possible,,Map to `tender.lotDetails.awardCriteriaDetails`,
55,/OBJECT_CONTRACT/VAL_TOTAL,value,,Discard. This is derived from the `value` of awards.,
56,/OBJECT_CONTRACT/VAL_TOTAL/@CURRENCY,currency,,"For the *Value*, discard as above. For the *Lowest offer* and *Highest offer*, map to the bid statistic's `.currency`.",
57,/OBJECT_CONTRACT/VAL_RANGE_TOTAL,,This element sets the currency for its children.,,
58,/OBJECT_CONTRACT/VAL_RANGE_TOTAL/@CURRENCY,currency,,/OBJECT_CONTRACT/VAL_TOTAL/@CURRENCY,
59,/OBJECT_CONTRACT/VAL_RANGE_TOTAL/LOW,lowest_offer,,"[Add a bids statistic](../../operations/#add-a-bids-statistic), set its `.measure` to 'lowestValidBidValue', and map to its `.value`.",
60,/OBJECT_CONTRACT/VAL_RANGE_TOTAL/HIGH,highest_offer,,"[Add a bids statistic](../../operations/#add-a-bids-statistic), set its `.measure` to 'highestValidBidValue', and map to its `.value`.",
61,/OBJECT_CONTRACT/OBJECT_DESCR,description,,"Add a `Lot` object to the `tender.lots` array, and add an `Item` object to the `tender.items` array. Set the lot's `.status` to the same value as `tender.status`.\n\n**F12, F13**: Instead, do nothing.",II.2
62,/OBJECT_CONTRACT/OBJECT_DESCR/@ITEM,,,Discard,
63,/OBJECT_CONTRACT/OBJECT_DESCR/TITLE,title_contract,,Map to the lot's `.title`,II.2.1
64,/OBJECT_CONTRACT/OBJECT_DESCR/LOT_NO,lot_number,,"If not set, let *Lot No* be '1'. Map to the lot's `.id` (string), map to the item's `.id` (string), and map to the item's `.relatedLot` (string).",
65,/OBJECT_CONTRACT/OBJECT_DESCR/CPV_ADDITIONAL,cpv_additional,,,II.2.2
66,/OBJECT_CONTRACT/OBJECT_DESCR/CPV_ADDITIONAL/CPV_CODE,cpv_main,,"For each `CODE` attribute, add a `Classification` object to the item's `.additionalClassifications` array, set its `.scheme` to 'CPV', and map to its `.id`. Remove any duplicate entries from the item's `.additionalClassifications` array.\n\n**F12, F13**: Instead, for each `CODE` attribute, add a `Classification` object to the `tender.additionalClassifications` array, set its `.scheme` to 'CPV', and map to its `.id`. Remove any duplicate entries from the `tender.additionalClassifications` array.",
67,/OBJECT_CONTRACT/OBJECT_DESCR/CPV_ADDITIONAL/CPV_SUPPLEMENTARY_CODE,cpv_supplem,,"For each `CODE` attribute, add a `Classification` object to the item's `.additionalClassifications` array, set its `.scheme` to 'CPVS', prefix by the *Main CPV code*, and map to its `.id`. Remove any duplicate entries from the item's `.additionalClassifications` array.\n\n**F12, F13**: Instead, for each `CODE` attribute, add a `Classification` object to the `tender.additionalClassifications` array, set its `.scheme` to 'CPVS', prefix by the *Main CPV code*, and map to its `.id`. Remove any duplicate entries from the `tender.additionalClassifications` array.",
68,/OBJECT_CONTRACT/OBJECT_DESCR/NUTS,nutscode,,"For each `NUTS` element, take the NUTS code in its `CODE` attribute, add an `Address` object to the item's `.deliveryAddresses` array, and map to its `.region`.\n\nThere's an open issue ([#739](https://github.com/open-contracting/standard/issues/739)) about region codes. (ISSUE)",
69,/OBJECT_CONTRACT/OBJECT_DESCR/MAIN_SITE,mainsiteplace_works_delivery,,Map to the item's `.deliveryLocation.description`,
70,/OBJECT_CONTRACT/OBJECT_DESCR/SHORT_DESCR,descr_procurement,,"Map to the lot's `.description`\n\n**F12, F13**: Instead, map to `tender.description`",II.2.4
71,/OBJECT_CONTRACT/OBJECT_DESCR/VAL_OBJECT,value_excl_vat,,Map to the lot's `.value.amount`,
72,/OBJECT_CONTRACT/OBJECT_DESCR/VAL_OBJECT/@CURRENCY,currency,,Map to the lot's `.value.currency`,
73,/OBJECT_CONTRACT/OBJECT_DESCR/DURATION,duration_contract_framework,,,II.2.7
74,/OBJECT_CONTRACT/OBJECT_DESCR/DATE_START,starting,,Map to the lot's `.contractPeriod.startDate`,
75,/OBJECT_CONTRACT/OBJECT_DESCR/DATE_END,end,,Map to the lot's `.contractPeriod.endDate`,
76,/OBJECT_CONTRACT/OBJECT_DESCR/EU_PROGR_RELATED,_yes,https://github.com/open-contracting-archive/trade/tree/master/draft_extensions/budget_isEUFunded https://github.com/open-contracting-archive/trade/tree/master/draft_extensions/budget_EUFunded,"* Get the `Organization` object whose `.name` is 'European Union'. If none exists yet:\n  * [Add a party](../../operations/#add-a-party)\n  * Set its `.name` to 'European Union'\n* Add 'funder' to its `.roles`\n\n* Get the `Finance` object whose `.description` is the *Identification of the project*. If none exists yet:\n  * Add a `Finance` object to the `planning.budget.finance` array\n  * Map the *Identification of the project* to its `.description`\n  * Set its `.id` incrementally\n  * Set its `.financingParty.name` to 'European Union'\n  * Set its `.financingParty.id` to the party's `.id`\n  * Add the lot's `.id` to its `.relatedLots` (**F12, F13**: Instead, do nothing)\n\nIn [future forms](https://github.com/eForms/eForms/issues/181#issuecomment-439861320), this field will be de-emphasized.",
77,/OBJECT_CONTRACT/OBJECT_DESCR/NO_EU_PROGR_RELATED,_no,,"Discard. If there's no party with the role 'funder' and the name 'European Union', then the procurement isn't related to a project and/or programme financed by European Union funds.",
78,/OBJECT_CONTRACT/OBJECT_DESCR/INFO_ADD,info_additional,,Append to the lot's `.description`\n\nThis results in a loss of structure. (WARNING #28),II.2.14
79,/OBJECT_CONTRACT/DATE_PUBLICATION_NOTICE,date_of_contract_notice,,Map to `tender.communication.futureNoticeDate`,II.3
80,/LEFTI,info_legal,,"The standard forms express exclusion grounds and selection criteria in this section as unstructured text. In the introductory note to its [eForms consultation](https://github.com/eForms/eForms), the European Commission had proposed to create an extension to eForms to implement the [European Single Procurement Document (ESPD)](http://ec.europa.eu/growth/single-market/public-procurement/e-procurement/espd/) [Exchange Data Model](https://github.com/ESPD/ESPD-EDM), which expresses this information as structured data, following the model of the [Core Criterion and Core Evidence Vocabulary](https://joinup.ec.europa.eu/solution/core-criterion-and-core-evidence-vocabulary).",III
81,/LEFTI/RULES_CRITERIA,descr_brief_rules,,Map to `tender.otherRequirements.reductionCriteria`,
82,/LEFTI/RESTRICTED_SHELTERED_WORKSHOP,restricted_sheltered_workshop,,Add 'shelteredWorkshop' to the `tender.otherRequirements.reservedParticipation` array,
83,/LEFTI/RESTRICTED_SHELTERED_PROGRAM,restricted_sheltered_program,,Set `tender.contractTerms.reservedExecution` to `true`,
84,/LEFTI/RESERVED_ORGANISATIONS_SERVICE_MISSION,reserved_public_mission,,Add 'publicServiceMissionOrganization' to the `tender.otherRequirements.reservedParticipation` array,
85,/LEFTI/PARTICULAR_PROFESSION,particular_profession_reserved,,"Add a `SelectionCriterion` object to the `tender.selectionCriteria.criteria` array and set its `.type` to 'technical'. If *Reference to the relevant law, regulation or administrative provision* is set, map it to the criterion's `.description`. Otherwise, set the criterion's `.description` to 'Execution of the service is reserved to a particular profession'.",
86,/LEFTI/REFERENCE_TO_LAW,ref_law_reg_prov,,See *Execution of the service is reserved to a particular profession*,
87,/LEFTI/PERFORMANCE_CONDITIONS,other_conditions,,Map to `tender.contractTerms.performanceTerms`,III.2.2
88,/LEFTI/PERFORMANCE_STAFF_QUALIFICATION,staff_responsible_indicate,,Set `tender.otherRequirements.requiresStaffNamesAndQualifications` to `true`,
89,/PROCEDURE,procedure,,,IV
90,/PROCEDURE/PT_OPEN,proctype_open,,"Set `tender.procurementMethod` to 'open', and set `tender.procurementMethodDetails` to 'Open procedure'",
91,/PROCEDURE/PT_RESTRICTED,proctype_restricted,,"Set `tender.procurementMethod` to 'selective', and set `tender.procurementMethodDetails` to 'Restricted procedure'",
92,/PROCEDURE/PT_INVOLVING_NEGOTIATION,proctype_negotiations_involved,,"Set `tender.procurementMethod` to 'selective', and set `tender.procurementMethodDetails` to 'Procedure involving negotiations'",
93,/PROCEDURE/PT_AWARD_CONTRACT_WITHOUT_CALL,award_wo_prior_pub_d1,,"Set `tender.procurementMethod` to 'limited', and set `tender.procurementMethodDetails` to 'Award procedure without prior publication of a call for competition'.\n\n**F03, F21:** See [Annex D1](#annex-d1-general-procurement)\n\n**F06, F22:** See [Annex D2](#annex-d2-utilities)",
94,/PROCEDURE/FRAMEWORK,notice_involves_framework,,Set `tender.techniques.hasFrameworkAgreement` to `true`,
95,/PROCEDURE/FRAMEWORK/JUSTIFICATION,framework_just_four,,Map to `tender.techniques.frameworkAgreement.periodRationale`,
96,/PROCEDURE/URL_NATIONAL_PROCEDURE,url_national_rules,,Map to `tender.procedure.features`,
97,/PROCEDURE/MAIN_FEATURES_AWARD,award_main_features,,Map to `tender.awardCriteriaDetails`,IV.1.11
98,/PROCEDURE/NOTICE_NUMBER_OJ,number_oj,https://github.com/open-contracting-archive/trade/tree/master/draft_extensions/release_relatedNotice,[Reference a previous publication](../../operations/#reference-a-previous-publication),
99,/PROCEDURE/DATE_RECEIPT_TENDERS,date,,Map to the date component of `tender.tenderPeriod.endDate`,
100,/PROCEDURE/TIME_RECEIPT_TENDERS,time,,Map to the time component of `tender.tenderPeriod.endDate`,
101,/PROCEDURE/LANGUAGES,languages_allowed,,,IV.2.4
102,/PROCEDURE/LANGUAGES/LANGUAGE,,https://github.com/open-contracting-archive/trade/tree/master/draft_extensions/tender_SubmissionLanguages,Lowercase and add to the `tender.submissionTerms.languages` array,
103,/PROCEDURE/DATE_AWARD_SCHEDULED,award_scheduled,,Map to `tender.awardPeriod.startDate`,IV.2.5
104,/PROCEDURE/TERMINATION_PIN,pin_as_call_no_contracts,,Set `tender.status` to 'complete',
105,/AWARD_CONTRACT,award_of_contract,,Add an `Award` object to the `awards` array,V
106,/AWARD_CONTRACT/@ITEM,,,Discard,
107,/AWARD_CONTRACT/CONTRACT_NO,contract_number,,"If not set, let *Contract No* be the notice number followed by a hyphen '-' followed by the value of the `ITEM` attribute of the `AWARD_CONTRACT` element. Map to the award's `.id`.",
108,/AWARD_CONTRACT/LOT_NO,lot_number,,"If not set, let *Lot No* be '1'. Add to the award's `.relatedLots` (string).",
109,/AWARD_CONTRACT/TITLE,title_contract,,Map to the award's `.title`,
110,/AWARD_CONTRACT/NO_AWARDED_CONTRACT,_no,https://github.com/open-contracting-archive/trade/tree/master/draft_extensions/contract_statusDetails,Set the award's `.status` to 'unsuccessful',
111,/AWARD_CONTRACT/NO_AWARDED_CONTRACT/PROCUREMENT_DISCONTINUED,award_discontinued,,Set the award's `.statusDetails` to 'discontinued',
112,/AWARD_CONTRACT/NO_AWARDED_CONTRACT/PROCUREMENT_UNSUCCESSFUL,award_no_tenders,,Set the award's `.statusDetails` to 'unsuccessful'\n\nThere's an open issue ([#764](https://github.com/open-contracting/standard/issues/764)) about status details. (ISSUE),
113,/AWARD_CONTRACT/AWARDED_CONTRACT,_yes,https://github.com/open-contracting-archive/trade/tree/master/draft_extensions/contract_statusDetails,"Set the award's `.status` to 'active'\n\nAdd a `Contract` object to the `contracts` array, set its `.id` and `.awardID` to the award's `.id`, set its `.title` to the award's `.title`, and set its `.status` to 'active'.",V.2
114,/AWARD_CONTRACT/AWARDED_CONTRACT/DATE_CONCLUSION_CONTRACT,date_award,,Map to the contract's `.dateSigned`,V.2.1
115,/AWARD_CONTRACT/AWARDED_CONTRACT/TENDERS,award_offers_info,,,V.2.2
116,/AWARD_CONTRACT/AWARDED_CONTRACT/TENDERS/NB_TENDERS_RECEIVED,offers_received,,"[Add a bids statistic](../../operations/#add-a-bids-statistic), set its `.measure` to 'bids', set its `.relatedLot` to the award's only `.relatedLots` entry, and map to its `.value`.",
117,/AWARD_CONTRACT/AWARDED_CONTRACT/TENDERS/NB_TENDERS_RECEIVED_SME,number_tenders_sme,,"[Add a bids statistic](../../operations/#add-a-bids-statistic), set its `.measure` to 'smeBids', set its `.relatedLot` to the award's only `.relatedLots` entry, and map to its `.value`.",
118,/AWARD_CONTRACT/AWARDED_CONTRACT/TENDERS/NB_TENDERS_RECEIVED_OTHER_EU,number_tenders_ms,,"[Add a bids statistic](../../operations/#add-a-bids-statistic), set its `.measure` to 'foreignBidsFromEU',, set its `.relatedLot` to the award's only `.relatedLots` entry and map to its `.value`.",
119,/AWARD_CONTRACT/AWARDED_CONTRACT/TENDERS/NB_TENDERS_RECEIVED_NON_EU,number_tenders_nonms,,"[Add a bids statistic](../../operations/#add-a-bids-statistic), set its `.measure` to 'foreignBidsFromNonEU',, set its `.relatedLot` to the award's only `.relatedLots` entry and map to its `.value`.",
120,/AWARD_CONTRACT/AWARDED_CONTRACT/TENDERS/NB_TENDERS_RECEIVED_EMEANS,offers_received_electronic,,"[Add a bids statistic](../../operations/#add-a-bids-statistic), set its `.measure` to 'electronicBids',, set its `.relatedLot` to the award's only `.relatedLots` entry and map to its `.value`.",
121,/AWARD_CONTRACT/AWARDED_CONTRACT/CONTRACTORS,,This element contains elements from V.2.2 and V.2.3.,,
122,/AWARD_CONTRACT/AWARDED_CONTRACT/CONTRACTORS/AWARDED_TO_GROUP,awarded_group,,"Discard. If there are multiple suppliers, then the contract has been awarded to a group of economic operators.",
123,/AWARD_CONTRACT/AWARDED_CONTRACT/CONTRACTORS/CONTRACTOR,,"Contains ADDRESS_CONTRACTOR, SME, NO_SME.",,
124,/AWARD_CONTRACT/AWARDED_CONTRACT/CONTRACTORS/CONTRACTOR/ADDRESS_CONTRACTOR,awarded_to_name,,"[Add a party](../../operations/#add-a-party), and add 'supplier' to its `.roles`\n\nAdd an `OrganizationReference` object to the award's `.suppliers` array, set its `.id` to the party's `.id`, and set its `.name` to the party's [`.name`](#/AWARD_CONTRACT/AWARDED_CONTRACT/CONTRACTORS/CONTRACTOR/ADDRESS_CONTRACTOR/OFFICIALNAME)",V.2.3
125,/AWARD_CONTRACT/AWARDED_CONTRACT/CONTRACTORS/CONTRACTOR/ADDRESS_CONTRACTOR/OFFICIALNAME,name_official,,/CONTRACTING_BODY/ADDRESS_CONTRACTING_BODY/OFFICIALNAME,
126,/AWARD_CONTRACT/AWARDED_CONTRACT/CONTRACTORS/CONTRACTOR/ADDRESS_CONTRACTOR/NATIONALID,national_id,,/CONTRACTING_BODY/ADDRESS_CONTRACTING_BODY/NATIONALID,
127,/AWARD_CONTRACT/AWARDED_CONTRACT/CONTRACTORS/CONTRACTOR/ADDRESS_CONTRACTOR/ADDRESS,address_postal,,/CONTRACTING_BODY/ADDRESS_CONTRACTING_BODY/ADDRESS,
128,/AWARD_CONTRACT/AWARDED_CONTRACT/CONTRACTORS/CONTRACTOR/ADDRESS_CONTRACTOR/TOWN,address_town,,/CONTRACTING_BODY/ADDRESS_CONTRACTING_BODY/TOWN,
129,/AWARD_CONTRACT/AWARDED_CONTRACT/CONTRACTORS/CONTRACTOR/ADDRESS_CONTRACTOR/POSTAL_CODE,address_postcode,,/CONTRACTING_BODY/ADDRESS_CONTRACTING_BODY/POSTAL_CODE,
130,/AWARD_CONTRACT/AWARDED_CONTRACT/CONTRACTORS/CONTRACTOR/ADDRESS_CONTRACTOR/COUNTRY,address_country,,/CONTRACTING_BODY/ADDRESS_CONTRACTING_BODY/COUNTRY,
131,/AWARD_CONTRACT/AWARDED_CONTRACT/CONTRACTORS/CONTRACTOR/ADDRESS_CONTRACTOR/PHONE,address_phone,,/CONTRACTING_BODY/ADDRESS_CONTRACTING_BODY/PHONE,
132,/AWARD_CONTRACT/AWARDED_CONTRACT/CONTRACTORS/CONTRACTOR/ADDRESS_CONTRACTOR/E_MAIL,address_email,,/CONTRACTING_BODY/ADDRESS_CONTRACTING_BODY/E_MAIL,
133,/AWARD_CONTRACT/AWARDED_CONTRACT/CONTRACTORS/CONTRACTOR/ADDRESS_CONTRACTOR/FAX,address_fax,,/CONTRACTING_BODY/ADDRESS_CONTRACTING_BODY/FAX,
134,/AWARD_CONTRACT/AWARDED_CONTRACT/CONTRACTORS/CONTRACTOR/ADDRESS_CONTRACTOR/NUTS,nutscode,,/CONTRACTING_BODY/ADDRESS_CONTRACTING_BODY/NUTS,
135,/AWARD_CONTRACT/AWARDED_CONTRACT/CONTRACTORS/CONTRACTOR/ADDRESS_CONTRACTOR/URL,internet,,/CONTRACTING_BODY/ADDRESS_CONTRACTING_BODY/URL_GENERAL,
136,/AWARD_CONTRACT/AWARDED_CONTRACT/CONTRACTORS/CONTRACTOR/SME,awarded_sme,,Set the party's `.details.scale` to 'sme',
137,/AWARD_CONTRACT/AWARDED_CONTRACT/VALUES,value_contract_info,,,V.2.4
138,/AWARD_CONTRACT/AWARDED_CONTRACT/VALUES/VAL_ESTIMATED_TOTAL,value_estim_total_contract,,Discard. The *Initial estimated total value of the contract/lot* is available in the OCDS release with the same `ocid` as this release and with 'tender' in its `tag`.,
139,/AWARD_CONTRACT/AWARDED_CONTRACT/VALUES/VAL_ESTIMATED_TOTAL/@CURRENCY,currency,,"For the *Initial estimated total value of the contract/lot*, discard as above.\n\nFor the *Total value of the contract/lot*, map to the contract's `.value.currency`.\n\nFor the *Lowest offer* and *Highest offer*, map to the bid statistic's `.currency`.",
140,/AWARD_CONTRACT/AWARDED_CONTRACT/VALUES/VAL_TOTAL,value_total_final,,Map to the contract's `.value.amount`,
141,/AWARD_CONTRACT/AWARDED_CONTRACT/VALUES/VAL_TOTAL/@CURRENCY,currency,,/AWARD_CONTRACT/AWARDED_CONTRACT/VALUES/VAL_ESTIMATED_TOTAL/@CURRENCY,
142,/AWARD_CONTRACT/AWARDED_CONTRACT/VALUES/VAL_RANGE_TOTAL,,This element sets the currency for its children.,,
143,/AWARD_CONTRACT/AWARDED_CONTRACT/VALUES/VAL_RANGE_TOTAL/@CURRENCY,currency,,/AWARD_CONTRACT/AWARDED_CONTRACT/VALUES/VAL_ESTIMATED_TOTAL/@CURRENCY,
144,/AWARD_CONTRACT/AWARDED_CONTRACT/VALUES/VAL_RANGE_TOTAL/LOW,lowest_offer,,"[Add a bids statistic](../../operations/#add-a-bids-statistic), set its `.measure` to 'lowestValidBidValue', set its `.relatedLot` to the award's only `.relatedLots` entry, and map to its `.value`.",
145,/AWARD_CONTRACT/AWARDED_CONTRACT/VALUES/VAL_RANGE_TOTAL/HIGH,highest_offer,,"[Add a bids statistic](../../operations/#add-a-bids-statistic), set its `.measure` to 'highestValidBidValue', set its `.relatedLot` to the award's only `.relatedLots` entry, and map to its `.value`.",
146,/AWARD_CONTRACT/AWARDED_CONTRACT/LIKELY_SUBCONTRACTED,subcontr_likely,,Set the award's `.hasSubcontracting` to `true`,
147,/AWARD_CONTRACT/AWARDED_CONTRACT/VAL_SUBCONTRACTING,value_excl_vat,,Map to the award's `.subcontracting.value.amount`,
148,/AWARD_CONTRACT/AWARDED_CONTRACT/VAL_SUBCONTRACTING/@CURRENCY,currency,,Map to the award's `.subcontracting.value.currency`,
149,/AWARD_CONTRACT/AWARDED_CONTRACT/PCT_SUBCONTRACTING,proportion,,Map to the award's `.subcontracting.minimumPercentage` and `.subcontracting.maximumPercentage`,
150,/AWARD_CONTRACT/AWARDED_CONTRACT/INFO_ADD_SUBCONTRACTING,subcontr_descr_short,,Map to the award's `.subcontracting.description`,
151,/COMPLEMENTARY_INFO,info_complement,,,VI
152,/COMPLEMENTARY_INFO/EORDERING,eordering_used,https://github.com/open-contracting-archive/trade/tree/master/draft_extensions/tender_ElectronicWorkflows,Set `tender.contractTerms.hasElectronicOrdering` to `true`,
153,/COMPLEMENTARY_INFO/EINVOICING,einvoicing_used,https://github.com/open-contracting-archive/trade/tree/master/draft_extensions/tender_ElectronicWorkflows https://github.com/eForms/eForms/issues/88,Set `tender.contractTerms.electronicInvoicingPolicy` to 'allowed',
154,/COMPLEMENTARY_INFO/EPAYMENT,epayment_used,https://github.com/open-contracting-archive/trade/tree/master/draft_extensions/tender_ElectronicWorkflows https://github.com/eForms/eForms/issues/88,Set `tender.contractTerms.hasElectronicPayment` to `true`,
155,/COMPLEMENTARY_INFO/INFO_ADD,info_additional,,Map to the release's `description`,VI.3
156,/COMPLEMENTARY_INFO/ADDRESS_REVIEW_BODY,appeals_body,https://github.com/open-contracting-archive/trade/tree/master/draft_extensions/tender_ReviewProcedure,"[Add a party](../../operations/#add-a-party), and add 'reviewBody' to its `.roles`",VI.4.1
157,/COMPLEMENTARY_INFO/ADDRESS_REVIEW_BODY/OFFICIALNAME,name_official,,/CONTRACTING_BODY/ADDRESS_CONTRACTING_BODY/OFFICIALNAME,
158,/COMPLEMENTARY_INFO/ADDRESS_REVIEW_BODY/ADDRESS,address_postal,,/CONTRACTING_BODY/ADDRESS_CONTRACTING_BODY/ADDRESS,
159,/COMPLEMENTARY_INFO/ADDRESS_REVIEW_BODY/TOWN,address_town,,/CONTRACTING_BODY/ADDRESS_CONTRACTING_BODY/TOWN,
160,/COMPLEMENTARY_INFO/ADDRESS_REVIEW_BODY/POSTAL_CODE,address_postcode,,/CONTRACTING_BODY/ADDRESS_CONTRACTING_BODY/POSTAL_CODE,
161,/COMPLEMENTARY_INFO/ADDRESS_REVIEW_BODY/COUNTRY,address_country,,/CONTRACTING_BODY/ADDRESS_CONTRACTING_BODY/COUNTRY,
162,/COMPLEMENTARY_INFO/ADDRESS_REVIEW_BODY/PHONE,address_phone,,/CONTRACTING_BODY/ADDRESS_CONTRACTING_BODY/PHONE,
163,/COMPLEMENTARY_INFO/ADDRESS_REVIEW_BODY/E_MAIL,address_email,,/CONTRACTING_BODY/ADDRESS_CONTRACTING_BODY/E_MAIL,
164,/COMPLEMENTARY_INFO/ADDRESS_REVIEW_BODY/FAX,address_fax,,/CONTRACTING_BODY/ADDRESS_CONTRACTING_BODY/FAX,
165,/COMPLEMENTARY_INFO/ADDRESS_REVIEW_BODY/URL,internet,,/CONTRACTING_BODY/ADDRESS_CONTRACTING_BODY/URL_GENERAL,
166,/COMPLEMENTARY_INFO/ADDRESS_MEDIATION_BODY,mediation_body,https://github.com/open-contracting-archive/trade/tree/master/draft_extensions/tender_ReviewProcedure,"[Add a party](../../operations/#add-a-party), and add 'mediationBody' to its `.roles`",VI.4.2
167,/COMPLEMENTARY_INFO/REVIEW_PROCEDURE,appeals_deadline,https://github.com/open-contracting-archive/trade/tree/master/draft_extensions/tender_ReviewProcedure,Map to `tender.reviewDetails`,
168,/COMPLEMENTARY_INFO/ADDRESS_REVIEW_INFO,appeals_info,https://github.com/open-contracting-archive/trade/tree/master/draft_extensions/tender_ReviewProcedure,"[Add a party](../../operations/#add-a-party), and add 'reviewContactPoint' to its `.roles`",VI.4.4
169,/COMPLEMENTARY_INFO/DATE_DISPATCH_NOTICE,date_dispatch,,Map to `date`,VI.5
170,/PROCEDURE/PT_AWARD_CONTRACT_WITHOUT_CALL/D_ACCORDANCE_ARTICLE,d_just_for_wo_pub_201424,,"For each of the following, add a `Classification` object to the `tender.procurementMethodRationaleClassifications` array. Set the classification's `.scheme` to 'TED_PT_AWARD_CONTRACT_WITHOUT_CALL', and set its `.id` and `.description` as follows",D1.1/D2.1
171,/PROCEDURE/PT_AWARD_CONTRACT_WITHOUT_CALL/D_ACCORDANCE_ARTICLE/D_PROC_OPEN,d_proc_open,,Set `.id` to 'D_PROC_OPEN' and `.description` to 'No tenders or no suitable tenders/requests to participate in response to open procedure',
172,/PROCEDURE/PT_AWARD_CONTRACT_WITHOUT_CALL/D_ACCORDANCE_ARTICLE/D_PROC_RESTRICTED,d_proc_restricted,,Set `.id` to 'D_PROC_RESTRICTED' and `.description` to 'No tenders or no suitable tenders/requests to participate in response to restricted procedure',
173,/PROCEDURE/PT_AWARD_CONTRACT_WITHOUT_CALL/D_ACCORDANCE_ARTICLE/D_TECHNICAL,d_technical,,"Set `.id` to 'D_TECHNICAL' and `.description` to 'The works, supplies or services can be provided only by a particular economic operator due to absence of competition for technical reasons'",
174,/PROCEDURE/PT_AWARD_CONTRACT_WITHOUT_CALL/D_ACCORDANCE_ARTICLE/D_ARTISTIC,d_artistic,,"Set `.id` to 'D_ARTISTIC' and `.description` to 'The works, supplies or services can be provided only by a particular economic operator due to procurement aiming at the creation or acquisition of a unique work of art or artistic performance'",
175,/PROCEDURE/PT_AWARD_CONTRACT_WITHOUT_CALL/D_ACCORDANCE_ARTICLE/D_PROTECT_RIGHTS,d_protect_rights,,"Set `.id` to 'D_PROTECT_RIGHTS' and `.description` to 'The works, supplies or services can be provided only by a particular economic operator due to protection of exclusive rights, including intellectual property rights'",
176,/PROCEDURE/PT_AWARD_CONTRACT_WITHOUT_CALL/D_ACCORDANCE_ARTICLE/D_EXTREME_URGENCY,d_extreme_urgency_ca,,Set `.id` to 'D_EXTREME_URGENCY' and `.description` to 'Extreme urgency brought about by events unforeseeable for the contracting authority/entity and in accordance with the strict conditions stated in the directive',
177,/PROCEDURE/PT_AWARD_CONTRACT_WITHOUT_CALL/D_ACCORDANCE_ARTICLE/D_REPETITION_EXISTING,d_repetition_existing_serv,,"Set `.id` to 'D_REPETITION_EXISTING' and `.description` to 'New works/services, constituting a repetition of existing works/services and ordered in accordance with the strict conditions stated in the directive'",
178,/PROCEDURE/PT_AWARD_CONTRACT_WITHOUT_CALL/D_ACCORDANCE_ARTICLE/D_FROM_WINDING_PROVIDER,d_from_winding_supplier_serv,,Set `.id` to 'D_FROM_WINDING_PROVIDER' and `.description` to 'Purchase of supplies or services on particularly advantageous terms from a supplier which is definitively winding up its business activities',
179,/PROCEDURE/PT_AWARD_CONTRACT_WITHOUT_CALL/D_ACCORDANCE_ARTICLE/D_FROM_LIQUIDATOR_CREDITOR,d_from_receivers,,"Set `.id` to 'D_FROM_LIQUIDATOR_CREDITOR' and `.description` to 'Purchase of supplies or services on particularly advantageous terms from the liquidator in an insolvency procedure, an arrangement with creditors or a similar procedure under national laws and regulations'",
180,/PROCEDURE/PT_AWARD_CONTRACT_WITHOUT_CALL/D_OUTSIDE_SCOPE,d_outside_scope,,Set `.id` to 'D_OUTSIDE_SCOPE' and `.description` to 'The procurement falls outside the scope of application of the directive',
181,/PROCEDURE/PT_AWARD_CONTRACT_WITHOUT_CALL/D_JUSTIFICATION,d_explain,,Map to `tender.procurementMethodRationale`,
